Model,Mean_RMSD,Mean_PCC
FFNN,0.55459195,0.34613326
CNN_Hybrid,0.5401119,0.4090763
RNN_Hybrid,0.5350913,0.4265042
